"transactions","merkleRoot","middleLeafMerkleProof"
"a","ca978112ca1bbdcafac231b39a23dc4da786eff8147c4e72b9807785afee48bb","[]"
"a,b","e5a01fee14e0ed5c48714f22180f25ad8365b53f9779f79dc4a3d7e93963f94a","[{""left"":""ca978112ca1bbdcafac231b39a23dc4da786eff8147c4e72b9807785afee48bb""}]"
"a,b,c","7075152d03a5cd92104887b476862778ec0c87be5c2fa1c0a90f87c49fad6eff","[{""left"":""e5a01fee14e0ed5c48714f22180f25ad8365b53f9779f79dc4a3d7e93963f94a""}]"
"a,b,c,d","14ede5e8e97ad9372327728f5099b95604a39593cac3bd38a343ad76205213e7","[{""left"":""2e7d2c03a9507ae265ecf5b5356885a53393a2029d241394997265a1a25aefc6""},{""left"":""e5a01fee14e0ed5c48714f22180f25ad8365b53f9779f79dc4a3d7e93963f94a""}]"
"a,c,b,d","7760d75cbe60027cb664f1690d312ff92195bf7c7b31a693b341b329d221e2eb","[{""left"":""3e23e8160039594a33894f6564e1b1348bbd7a0088d42c4acb73eeaed59c009d""},{""left"":""a49c7c8b9aca10635b2481820b832847a81a24fd01379580af97a593b2d5f1a2""}]"
"d,c,b,a","818b251140a05ac57b52ab1399d8b57c864077eb70c9a8c6970539b8a26b39fc","[{""left"":""3e23e8160039594a33894f6564e1b1348bbd7a0088d42c4acb73eeaed59c009d""},{""left"":""800e03ddb2432933692401d1631850c0af91953fd9c8f3874488c0541dfcf413""}]"
"a,b,c,d,e","d71f8983ad4ee170f8129f1ebcdd7440be7798d8e1c80420bf11f1eced610dba","[{""left"":""14ede5e8e97ad9372327728f5099b95604a39593cac3bd38a343ad76205213e7""}]"
"a,b,c,d,e,f","1f7379539707bcaea00564168d1d4d626b09b73f8a2a365234c62d763f854da2","[{""left"":""3f79bb7b435b05321651daefd374cdc681dc06faa65e374e38337b88ca046dea""},{""left"":""14ede5e8e97ad9372327728f5099b95604a39593cac3bd38a343ad76205213e7""}]"
"a,b,c,d,e,f,g","e2a80e0e872a6c6eaed37b4c1f220e1935004805585b5f99617e48e9c8fe4034","[{""left"":""04fa33f8b4bd3db545fa04cdd51b462509f611797c7bfe5c944ee2bb3b2ed908""},{""left"":""14ede5e8e97ad9372327728f5099b95604a39593cac3bd38a343ad76205213e7""}]"
"a,b,c,d,e,f,g,h","bd7c8a900be9b67ba7df5c78a652a8474aedd78adb5083e80e49d9479138a23f","[{""left"":""cd0aa9856147b6c5b4ff2b7dfee5da20aa38253099ef1b4a64aced233c9afe29""},{""left"":""04fa33f8b4bd3db545fa04cdd51b462509f611797c7bfe5c944ee2bb3b2ed908""},{""left"":""14ede5e8e97ad9372327728f5099b95604a39593cac3bd38a343ad76205213e7""}]"